<?xml version="1.0" encoding="UTF-8"?>
<dictionary case_sensitive="false">
<entry>
<token>Ph.D.</token>
</entry>
<entry>
<token>fís.</token>
</entry>
<entry>
<token>edif.</token>
</entry>
<entry>
<token>a.m.</token>
</entry>
<entry>
<token>tes.</token>
</entry>
<entry>
<token>Pe.</token>
</entry>
<entry>
<token>alm.</token>
</entry>
<entry>
<token>ópt.</token>
</entry>
<entry>
<token>créd.</token>
</entry>
<entry>
<token>E.</token>
</entry>
<entry>
<token>abrev.</token>
</entry>
<entry>
<token>Al.</token>
</entry>
<entry>
<token>c..</token>
</entry>
<entry>
<token>teol.</token>
</entry>
<entry>
<token>tip.</token>
</entry>
<entry>
<token>dec.</token>
</entry>
<entry>
<token>com.</token>
</entry>
<entry>
<token>fr.</token>
</entry>
<entry>
<token>abr.</token>
</entry>
<entry>
<token>arts.</token>
</entry>
<entry>
<token>geom.</token>
</entry>
<entry>
<token>hip.</token>
</entry>
<entry>
<token>ap.</token>
</entry>
<entry>
<token>V.Revma.</token>
</entry>
<entry>
<token>terapêut.</token>
</entry>
<entry>
<token>logar.</token>
</entry>
<entry>
<token>p.m.</token>
</entry>
<entry>
<token>Rtn.</token>
</entry>
<entry>
<token>pron.</token>
</entry>
<entry>
<token>seg.</token>
</entry>
<entry>
<token>Dr.</token>
</entry>
<entry>
<token>agric.</token>
</entry>
<entry>
<token>Av.</token>
</entry>
<entry>
<token>demogr.</token>
</entry>
<entry>
<token>méd.</token>
</entry>
<entry>
<token>vols.</token>
</entry>
<entry>
<token>tecn.</token>
</entry>
<entry>
<token>topogr.</token>
</entry>
<entry>
<token>p.</token>
</entry>
<entry>
<token>odont.</token>
</entry>
<entry>
<token>adm.</token>
</entry>
<entry>
<token>rel.</token>
</entry>
<entry>
<token>Cel.</token>
</entry>
<entry>
<token>fisiol.</token>
</entry>
<entry>
<token>met.</token>
</entry>
<entry>
<token>cons.</token>
</entry>
<entry>
<token>círc.</token>
</entry>
<entry>
<token>us.</token>
</entry>
<entry>
<token>sem.</token>
</entry>
<entry>
<token>n.</token>
</entry>
<entry>
<token>psican.</token>
</entry>
<entry>
<token>A.</token>
</entry>
<entry>
<token>vs.</token>
</entry>
<entry>
<token>u.e.</token>
</entry>
<entry>
<token>transp.</token>
</entry>
<entry>
<token>ciênc.</token>
</entry>
<entry>
<token>gen.</token>
</entry>
<entry>
<token>W.C.</token>
</entry>
<entry>
<token>S.Ema.</token>
</entry>
<entry>
<token>patol.</token>
</entry>
<entry>
<token>Cia.</token>
</entry>
<entry>
<token>Srs.</token>
</entry>
<entry>
<token>eletr.</token>
</entry>
<entry>
<token>pç.</token>
</entry>
<entry>
<token>memor.</token>
</entry>
<entry>
<token>mob.</token>
</entry>
<entry>
<token>mitol.</token>
</entry>
<entry>
<token>gr.</token>
</entry>
<entry>
<token>V.Emas.</token>
</entry>
<entry>
<token>AA.</token>
</entry>
<entry>
<token>arc.</token>
</entry>
<entry>
<token>pág.</token>
</entry>
<entry>
<token>segs.</token>
</entry>
<entry>
<token>r.s.v.p.</token>
</entry>
<entry>
<token>N.Sra.</token>
</entry>
<entry>
<token>m.</token>
</entry>
<entry>
<token>tb.</token>
</entry>
<entry>
<token>mun.</token>
</entry>
<entry>
<token>a.C.</token>
</entry>
<entry>
<token>bel.</token>
</entry>
<entry>
<token>seç.</token>
</entry>
<entry>
<token>sta.</token>
</entry>
<entry>
<token>semin.</token>
</entry>
<entry>
<token>S.Sa.</token>
</entry>
<entry>
<token>Relg.</token>
</entry>
<entry>
<token>desc.</token>
</entry>
<entry>
<token>Trav.</token>
</entry>
<entry>
<token>tt.</token>
</entry>
<entry>
<token>elem.</token>
</entry>
<entry>
<token>alt.</token>
</entry>
<entry>
<token>filol.</token>
</entry>
<entry>
<token>dic.</token>
</entry>
<entry>
<token>apart.</token>
</entry>
<entry>
<token>N.E.</token>
</entry>
<entry>
<token>EE.</token>
</entry>
<entry>
<token>mod.</token>
</entry>
<entry>
<token>E.C.</token>
</entry>
<entry>
<token>aer.</token>
</entry>
<entry>
<token>Prof.</token>
</entry>
<entry>
<token>N.</token>
<token>da</token>
<token>R.</token>
</entry>
<entry>
<token>assoc.</token>
</entry>
<entry>
<token>técn.</token>
</entry>
<entry>
<token>educ.</token>
</entry>
<entry>
<token>fol.</token>
</entry>
<entry>
<token>odontol.</token>
</entry>
<entry>
<token>comp.</token>
</entry>
<entry>
<token>autom.</token>
</entry>
<entry>
<token>turism.</token>
</entry>
<entry>
<token>dipl.</token>
</entry>
<entry>
<token>págs.</token>
</entry>
<entry>
<token>genét.</token>
</entry>
<entry>
<token>S.O.</token>
</entry>
<entry>
<token>S.Sas.</token>
</entry>
<entry>
<token>fs.</token>
</entry>
<entry>
<token>bioq.</token>
</entry>
<entry>
<token>ex.</token>
</entry>
<entry>
<token>S.Exa.</token>
</entry>
<entry>
<token>col.</token>
</entry>
<entry>
<token>caps.</token>
</entry>
<entry>
<token>scs.</token>
</entry>
<entry>
<token>rem.te,</token>
<token>Remte.</token>
</entry>
<entry>
<token>res.</token>
</entry>
<entry>
<token>psic.</token>
</entry>
<entry>
<token>obs.</token>
</entry>
<entry>
<token>cols.</token>
</entry>
<entry>
<token>art.</token>
</entry>
<entry>
<token>bibliogr.</token>
</entry>
<entry>
<token>S.O.S.</token>
</entry>
<entry>
<token>veter.</token>
</entry>
<entry>
<token>bot.</token>
</entry>
<entry>
<token>h.c.</token>
</entry>
<entry>
<token>port.</token>
</entry>
<entry>
<token>dep.</token>
</entry>
<entry>
<token>Lt.da,</token>
<token>Ltda.</token>
</entry>
<entry>
<token>embriol.</token>
</entry>
<entry>
<token>índ.</token>
</entry>
<entry>
<token>V.Ema.</token>
</entry>
<entry>
<token>légs.</token>
</entry>
<entry>
<token>Rdv.</token>
</entry>
<entry>
<token>Sr.</token>
</entry>
<entry>
<token>Ir.</token>
</entry>
<entry>
<token>ss.</token>
</entry>
<entry>
<token>des.</token>
</entry>
<entry>
<token>gram.</token>
</entry>
<entry>
<token>Profas.</token>
</entry>
<entry>
<token>polít.</token>
</entry>
<entry>
<token>V.A.</token>
</entry>
<entry>
<token>Símb.</token>
</entry>
<entry>
<token>fols.</token>
</entry>
<entry>
<token>teat.</token>
</entry>
<entry>
<token>fig.</token>
</entry>
<entry>
<token>ff.</token>
</entry>
<entry>
<token>mus.</token>
</entry>
<entry>
<token>histol.</token>
</entry>
<entry>
<token>atte.</token>
</entry>
<entry>
<token>secr.</token>
</entry>
<entry>
<token>deps.</token>
</entry>
<entry>
<token>meteor.</token>
</entry>
<entry>
<token>min.</token>
</entry>
<entry>
<token>méd.vet.</token>
</entry>
<entry>
<token>sc.</token>
</entry>
<entry>
<token>tecnol.</token>
</entry>
<entry>
<token>lit,</token>
<token>liter.</token>
</entry>
<entry>
<token>arqueol.</token>
</entry>
<entry>
<token>quím.</token>
</entry>
<entry>
<token>arcaic.</token>
</entry>
<entry>
<token>demog.</token>
</entry>
<entry>
<token>pg.</token>
</entry>
<entry>
<token>rev.</token>
</entry>
<entry>
<token>num.</token>
</entry>
<entry>
<token>arquit.</token>
</entry>
<entry>
<token>metal.</token>
</entry>
<entry>
<token>t.</token>
</entry>
<entry>
<token>s.</token>
</entry>
<entry>
<token>log.</token>
</entry>
<entry>
<token>pat.</token>
</entry>
<entry>
<token>ed.</token>
</entry>
<entry>
<token>tít.</token>
</entry>
<entry>
<token>Q.G.</token>
</entry>
<entry>
<token>náut.</token>
</entry>
<entry>
<token>memo.</token>
</entry>
<entry>
<token>relat.</token>
</entry>
<entry>
<token>ib.</token>
</entry>
<entry>
<token>S.W.</token>
</entry>
<entry>
<token>par.</token>
</entry>
<entry>
<token>v.-alm.</token>
</entry>
<entry>
<token>Ten.</token>
</entry>
<entry>
<token>poét.</token>
</entry>
<entry>
<token>biofís.</token>
</entry>
<entry>
<token>cit.</token>
</entry>
<entry>
<token>fil.</token>
</entry>
<entry>
<token>univers.</token>
</entry>
<entry>
<token>fac.</token>
</entry>
<entry>
<token>p.</token>
<token>ex.</token>
</entry>
<entry>
<token>cronol.</token>
</entry>
<entry>
<token>climatol.</token>
</entry>
<entry>
<token>esp.</token>
</entry>
<entry>
<token>séc.</token>
</entry>
<entry>
<token>trim.</token>
</entry>
<entry>
<token>Ema.</token>
</entry>
<entry>
<token>anat.</token>
</entry>
<entry>
<token>lb.</token>
</entry>
<entry>
<token>fasc.</token>
</entry>
<entry>
<token>docs.</token>
</entry>
<entry>
<token>mit.</token>
</entry>
<entry>
<token>inform.</token>
</entry>
<entry>
<token>univ.</token>
</entry>
<entry>
<token>fl.</token>
</entry>
<entry>
<token>Sra.</token>
</entry>
<entry>
<token>etc.</token>
</entry>
<entry>
<token>ref.</token>
</entry>
<entry>
<token>org.</token>
</entry>
<entry>
<token>mme.</token>
</entry>
<entry>
<token>leg.</token>
</entry>
<entry>
<token>adj.</token>
</entry>
<entry>
<token>Jr.</token>
</entry>
<entry>
<token>pl.</token>
</entry>
<entry>
<token>altit.</token>
</entry>
<entry>
<token>atm.</token>
</entry>
<entry>
<token>rg.</token>
</entry>
<entry>
<token>const.</token>
</entry>
<entry>
<token>nac.</token>
</entry>
<entry>
<token>Dra.</token>
</entry>
<entry>
<token>cap.</token>
</entry>
<entry>
<token>livr.</token>
</entry>
<entry>
<token>fg.</token>
</entry>
<entry>
<token>cód.</token>
</entry>
<entry>
<token>ton.</token>
</entry>
<entry>
<token>filos.</token>
</entry>
<entry>
<token>gír.</token>
</entry>
<entry>
<token>pal.</token>
</entry>
<entry>
<token>alf.</token>
</entry>
<entry>
<token>liv.</token>
</entry>
<entry>
<token>E.M.</token>
</entry>
<entry>
<token>Exa.</token>
</entry>
<entry>
<token>núm.</token>
</entry>
<entry>
<token>cont.</token>
</entry>
<entry>
<token>Profs.</token>
</entry>
<entry>
<token>mús.</token>
</entry>
<entry>
<token>arit.</token>
</entry>
<entry>
<token>pp.</token>
</entry>
<entry>
<token>N.O.</token>
</entry>
<entry>
<token>Exmo.</token>
</entry>
<entry>
<token>cx.</token>
</entry>
<entry>
<token>filat.</token>
</entry>
<entry>
<token>jur.</token>
</entry>
<entry>
<token>organiz.</token>
</entry>
<entry>
<token>V.Sas.</token>
</entry>
<entry>
<token>hist.</token>
</entry>
<entry>
<token>S.Exas.</token>
</entry>
<entry>
<token>lóg.</token>
</entry>
<entry>
<token>Maj.</token>
</entry>
<entry>
<token>P.B.</token>
</entry>
<entry>
<token>cf.</token>
</entry>
<entry>
<token>impr.</token>
</entry>
<entry>
<token>gên.</token>
</entry>
<entry>
<token>S.Revma.</token>
</entry>
<entry>
<token>Mal.</token>
</entry>
<entry>
<token>Rod.</token>
</entry>
<entry>
<token>N.</token>
<token>da</token>
<token>E.</token>
</entry>
<entry>
<token>inf.</token>
</entry>
<entry>
<token>tele.</token>
</entry>
<entry>
<token>soc.</token>
</entry>
<entry>
<token>g.</token>
</entry>
<entry>
<token>cp.</token>
</entry>
<entry>
<token>med.</token>
</entry>
<entry>
<token>S.Emas.</token>
</entry>
<entry>
<token>just.</token>
</entry>
<entry>
<token>Drs.</token>
</entry>
<entry>
<token>psicol.</token>
</entry>
<entry>
<token>enol.</token>
</entry>
<entry>
<token>ql.</token>
</entry>
<entry>
<token>P.D.</token>
</entry>
<entry>
<token>V.Exa.</token>
</entry>
<entry>
<token>s.d.</token>
</entry>
<entry>
<token>át.</token>
</entry>
<entry>
<token>Sociol.</token>
</entry>
<entry>
<token>btl.</token>
</entry>
<entry>
<token>long.</token>
</entry>
<entry>
<token>proc.</token>
</entry>
<entry>
<token>eng.</token>
</entry>
<entry>
<token>lat.</token>
</entry>
<entry>
<token>V.Sa.</token>
</entry>
<entry>
<token>suc.</token>
</entry>
<entry>
<token>Mons.</token>
</entry>
<entry>
<token>Sras.</token>
</entry>
<entry>
<token>sarg.</token>
</entry>
<entry>
<token>equit.</token>
</entry>
<entry>
<token>Emb.</token>
</entry>
<entry>
<token>prod.</token>
</entry>
<entry>
<token>biogr.</token>
</entry>
<entry>
<token>mec.</token>
</entry>
<entry>
<token>hab.</token>
</entry>
<entry>
<token>alv.</token>
</entry>
<entry>
<token>álg.</token>
</entry>
<entry>
<token>assem.</token>
</entry>
<entry>
<token>fot.</token>
</entry>
<entry>
<token>P.S.</token>
</entry>
<entry>
<token>gal.</token>
</entry>
<entry>
<token>astron.</token>
</entry>
<entry>
<token>Ret.</token>
</entry>
<entry>
<token>perf.</token>
</entry>
<entry>
<token>MM.</token>
</entry>
<entry>
<token>D.</token>
</entry>
<entry>
<token>ser.</token>
</entry>
<entry>
<token>Esc.</token>
</entry>
<entry>
<token>of.</token>
</entry>
<entry>
<token>V.S.</token>
</entry>
<entry>
<token>P.L.</token>
</entry>
<entry>
<token>trad.</token>
</entry>
<entry>
<token>ob.</token>
</entry>
<entry>
<token>mil.</token>
</entry>
<entry>
<token>sto.</token>
</entry>
<entry>
<token>Rep.</token>
</entry>
<entry>
<token>Profa.</token>
</entry>
<entry>
<token>vet.</token>
</entry>
<entry>
<token>i.e.</token>
</entry>
<entry>
<token>reg.</token>
</entry>
<entry>
<token>legisl.</token>
</entry>
<entry>
<token>eletrôn.</token>
</entry>
<entry>
<token>S.Revmas.</token>
</entry>
<entry>
<token>A.D.</token>
</entry>
<entry>
<token>l.</token>
</entry>
<entry>
<token>lég.</token>
</entry>
<entry>
<token>Revmo.</token>
</entry>
<entry>
<token>Dras.</token>
</entry>
<entry>
<token>id.</token>
</entry>
<entry>
<token>cos.</token>
</entry>
<entry>
<token>DD.</token>
</entry>
<entry>
<token>zool.</token>
</entry>
<entry>
<token>tipogr.</token>
</entry>
<entry>
<token>morf,</token>
<token>morfol.</token>
</entry>
<entry>
<token>trig.</token>
</entry>
<entry>
<token>mat.</token>
</entry>
<entry>
<token>sec.</token>
</entry>
<entry>
<token>N.</token>
<token>do</token>
<token>A.</token>
</entry>
<entry>
<token>folcl.</token>
</entry>
<entry>
<token>tel.</token>
</entry>
<entry>
<token>N.</token>
<token>S.</token>
</entry>
<entry>
<token>farmac.</token>
</entry>
<entry>
<token>V.M.</token>
</entry>
<entry>
<token>R.</token>
</entry>
<entry>
<token>v.</token>
</entry>
<entry>
<token>S.E.</token>
</entry>
<entry>
<token>C.G.S.</token>
</entry>
<entry>
<token>acad.</token>
</entry>
<entry>
<token>pol.</token>
</entry>
<entry>
<token>agr.</token>
</entry>
<entry>
<token>V.Revmas.</token>
</entry>
<entry>
<token>clim.</token>
</entry>
<entry>
<token>consel.</token>
</entry>
<entry>
<token>fem.</token>
</entry>
<entry>
<token>N.</token>
<token>do</token>
<token>E.</token>
</entry>
<entry>
<token>assemb.</token>
</entry>
<entry>
<token>miner.</token>
</entry>
<entry>
<token>N.T.</token>
</entry>
<entry>
<token>V.Exas.</token>
</entry>
<entry>
<token>sécs.</token>
</entry>
<entry>
<token>conselh.</token>
</entry>
<entry>
<token>aum.</token>
</entry>
<entry>
<token>un.</token>
</entry>
<entry>
<token>vol.</token>
</entry>
<entry>
<token>trigon.</token>
</entry>
<entry>
<token>S.A.</token>
</entry>
<entry>
<token>pc.</token>
</entry>
<entry>
<token>f.</token>
</entry>
<entry>
<token>doc.</token>
</entry>
<entry>
<token>bras.</token>
</entry>
<entry>
<token>dz.</token>
</entry>
<entry>
<token>d.C.</token>
</entry>
<entry>
<token>E.D.</token>
</entry>
<entry>
<token>v.g.</token>
</entry>
<entry>
<token>est.</token>
</entry>
</dictionary>
